field_id,pattern_type,source_procedure,procedure_part,procedure_result,ontology_mapping,observable,finding,procedure,OBLIGATORY,value_type,categorical_value,categorical_ontology_mapping,procedure_reason,procedure_location,measurement_unit,procedure_frequency,temporal_context,statement_context
age,ObservationResultStatement,http://snomed.info/id/32485007,,,AdmissionAge,http://snomed.info/id/424144002,,,,Integer,,,,,,,,
sex,ClinicalSituationStatement,http://snomed.info/id/32485007,,,AdmissionGender,,http://snomed.info/id/184100006,,,Categorical,male,http://snomed.info/id/248153007,,,,,,
sex,ClinicalSituationStatement,http://snomed.info/id/32485007,,,AdmissionGender,,http://snomed.info/id/184100006,,,Categorical,female,http://snomed.info/id/248152002,,,,,,
sex,ClinicalSituationStatement,http://snomed.info/id/32485007,,,AdmissionGender,,http://snomed.info/id/184100006,,,Categorical,other,http://snomed.info/id/32570681000036100,,,,,,
wakeup_stroke ,ClinicalSituationStatement,http://snomed.info/id/32485007,,,AdmissionStrokeWhileAsleep,,http://www.semanticweb.org/catimc/resqplus#StrokeWhileAsleepSituation,,,Boolean,,,,,,,,
inhospital_stroke,ClinicalSituationStatement,http://snomed.info/id/32485007,,,AdmissionStrokeWhileHospitalized,,http://www.semanticweb.org/catimc/resqplus#StrokeWhileHospitalizedSituation,,,Boolean,,,,,,,,
first_contact_place,ClinicalSituationStatement,http://snomed.info/id/32485007,,,AdmissionFirstAttendedDepartment,,http://www.semanticweb.org/catimc/resqplus#AdmissionFirstAttendedDepartmentValueSet,,,Categorical ,radiology,http://www.semanticweb.org/catimc/resqplus#AdmissionArrivalRadiologyDepartment,,,,,,
first_contact_place,ClinicalSituationStatement,http://snomed.info/id/32485007,,,AdmissionFirstAttendedDepartment,,http://www.semanticweb.org/catimc/resqplus#AdmissionFirstAttendedDepartmentValueSet,,,Categorical ,emergency,http://www.semanticweb.org/catimc/resqplus#AdmissionArrivalEmergencyDepartment,,,,,,
first_contact_place,ClinicalSituationStatement,http://snomed.info/id/32485007,,,AdmissionFirstAttendedDepartment,,http://www.semanticweb.org/catimc/resqplus#AdmissionFirstAttendedDepartmentValueSet,,,Categorical ,outpatient_clinic,http://www.semanticweb.org/catimc/resqplus#AdmissionArrivalOutpatientFacility,,,,,,
first_contact_place,ClinicalSituationStatement,http://snomed.info/id/32485007,,,AdmissionFirstAttendedDepartment,,http://www.semanticweb.org/catimc/resqplus#AdmissionFirstAttendedDepartmentValueSet,,,Categorical ,other,http://www.semanticweb.org/catimc/resqplus#AdmissionArrivalOtherDepartment,,,,,,
sleep_timestamp,http://www.semanticweb.org/catimc/resqplus#AdmissionStrokeWhileAsleep,,,,dateTime,,,http://snomed.info/id/248220008,,DateTime,,,,,,,,
onset_timestamp,ObservationResultStatement,http://snomed.info/id/32485007,,,TimeOfSymptomOnset,http://snomed.info/id/405795006,,,,DateTime,,,,,,,,
onset_time_known,ObservationResultStatement,http://snomed.info/id/32485007,,,TimeOfSymptomOnset,http://snomed.info/id/405795006,,,,Boolean,,,,,,,,http://snomed.info/id/261665006
hospital_timestamp,ObservationResultStatement,http://snomed.info/id/32485007,,,TimeArrivalToHospital,http://snomed.info/id/405799000,,,,DateTime,,,,,,,,
first_hospital,,,,,,,,,,Boolean,,,,,,,,
arrival_mode,ClinicalProcedureStatement,http://snomed.info/id/32485007,,,AdmissionArrivalMode,,,http://www.semanticweb.org/catimc/resqplus#AdmissionArrivalModeValueSet,,Categorical ,ems from home/scene,http://www.semanticweb.org/catimc/resqplus#TransportationByEMSFromHome_Scene_Hospital,,,,,,
arrival_mode,ClinicalProcedureStatement,http://snomed.info/id/32485007,,,AdmissionArrivalMode,,,http://www.semanticweb.org/catimc/resqplus#AdmissionArrivalModeValueSet,,Categorical ,private transportation from home/scene,http://www.semanticweb.org/catimc/resqplus#TransportationByPrivateFromHome_Scene_Hospital,,,,,,
arrival_mode,ClinicalProcedureStatement,http://snomed.info/id/32485007,,,AdmissionArrivalMode,,,http://www.semanticweb.org/catimc/resqplus#AdmissionArrivalModeValueSet,,Categorical ,stroke center,http://www.semanticweb.org/catimc/resqplus#TransportationFromStrokeCenter,,,,,,
arrival_mode,ClinicalProcedureStatement,http://snomed.info/id/32485007,,,AdmissionArrivalMode,,,http://www.semanticweb.org/catimc/resqplus#AdmissionArrivalModeValueSet,,Categorical ,another hospital,http://www.semanticweb.org/catimc/resqplus#TransportationFromAnotherHospital,,,,,,
arrival_mode,ClinicalProcedureStatement,http://snomed.info/id/32485007,,,AdmissionArrivalMode,,,http://www.semanticweb.org/catimc/resqplus#AdmissionArrivalModeValueSet,,Categorical ,ems from GP,http://www.semanticweb.org/catimc/resqplus#TransportationByEMSFromGP,,,,,,
arrival_mode,ClinicalProcedureStatement,http://snomed.info/id/32485007,,,AdmissionArrivalMode,,,http://www.semanticweb.org/catimc/resqplus#AdmissionArrivalModeValueSet,,Categorical ,private transportation from GP,http://www.semanticweb.org/catimc/resqplus#TransportationByPrivateFromGP,,,,,,
transferred_from_hospital,,,,,,,,,1,String,,,,,,,,
ems_prenotification,ClinicalProcedureStatement,http://snomed.info/id/32485007,,,AdmissionEMSPrenotification,,,http://www.semanticweb.org/catimc/resqplus#EMSPrenotification,1,Boolean,,,,,,,,
hospitalized_in,ClinicalSituationStatement,http://snomed.info/id/32485007,,,AdmissionPatientHospitalizedIn,,http://www.semanticweb.org/catimc/resqplus#AdmissionHospitalizedInValueSet,,1,Categorical ,icu/stroke unit,http://www.semanticweb.org/catimc/resqplus#AdmissionICUOrStrokeUnit,,,,,,
hospitalized_in,ClinicalSituationStatement,http://snomed.info/id/32485007,,,AdmissionPatientHospitalizedIn,,http://www.semanticweb.org/catimc/resqplus#AdmissionHospitalizedInValueSet,,,Categorical ,monitored bed,http://www.semanticweb.org/catimc/resqplus#AdmissionMonitoredBedWithTelemetry,,,,,,
hospitalized_in,ClinicalSituationStatement,http://snomed.info/id/32485007,,,AdmissionPatientHospitalizedIn,,http://www.semanticweb.org/catimc/resqplus#AdmissionHospitalizedInValueSet,,,Categorical ,standard bed,http://www.semanticweb.org/catimc/resqplus#AdmissionStandardBed,,,,,,
admission_department,ClinicalProcedureStatement,http://snomed.info/id/32485007,,,AdmissionPatientDepartment,,,http://www.semanticweb.org/catimc/resqplus#AdmissionDepartmentValueSet,1,Categorical ,neurology,http://snomed.info/id/305379005,,,,,,
admission_department,ClinicalProcedureStatement,http://snomed.info/id/32485007,,,AdmissionPatientDepartment,,,http://www.semanticweb.org/catimc/resqplus#AdmissionDepartmentValueSet,,Categorical ,neurosurgery,http://snomed.info/id/305425002,,,,,,
admission_department,ClinicalProcedureStatement,http://snomed.info/id/32485007,,,AdmissionPatientDepartment,,,http://www.semanticweb.org/catimc/resqplus#AdmissionDepartmentValueSet,,Categorical ,critical care/icu,http://snomed.info/id/305351004,,,,,,
admission_department,ClinicalProcedureStatement,http://snomed.info/id/32485007,,,AdmissionPatientDepartment,,,http://www.semanticweb.org/catimc/resqplus#AdmissionDepartmentValueSet,,Categorical ,internal medicine,http://snomed.info/id/772011000,,,,,,
admission_department,ClinicalProcedureStatement,http://snomed.info/id/32485007,,,AdmissionPatientDepartment,,,http://www.semanticweb.org/catimc/resqplus#AdmissionDepartmentValueSet,,Categorical ,other,http://www.semanticweb.org/catimc/resqplus#AdmissionToOtherDepartment,,,,,,
risk_hypertension ,ClinicalSituationStatement,http://snomed.info/id/32485007,,,AdmissionRiskFactors,,http://snomed.info/id/38341003,,1,Boolean,,,,,,,,
risk_diabetes,ClinicalSituationStatement,http://snomed.info/id/32485007,,,AdmissionRiskFactors,,http://snomed.info/id/73211009,,1,Boolean,,,,,,,,
risk_hyperlipidemia,ClinicalSituationStatement,http://snomed.info/id/32485007,,,AdmissionRiskFactors,,http://snomed.info/id/55822004,,1,Boolean,,,,,,,,
risk_atrial_fibrillation     ,ClinicalSituationStatement,http://snomed.info/id/32485007,,,AdmissionRiskFactors,,http://www.semanticweb.org/catimc/resqplus#AtrialFibrillationOrFlutter,,1,Boolean,,,,,,,,
risk_congestive_heart_failure,ClinicalSituationStatement,http://snomed.info/id/32485007,,,AdmissionRiskFactors,,http://snomed.info/id/42343007,,1,Boolean,,,,,,,,
risk_smoker_last_10_years,ClinicalSituationStatement,http://snomed.info/id/32485007,,,AdmissionRiskFactorsActiveSmoker,,http://snomed.info/id/77176002,,1,Boolean,,,,,,,,
risk_smoker,ClinicalSituationStatement,http://snomed.info/id/32485007,,,AdmissionRiskFactors,,http://snomed.info/id/77176002,,1,Boolean,,,,,,,,
risk_previous_stroke ,ClinicalSituationStatement,http://snomed.info/id/32485007,,,AdmissionRiskFactors,,http://snomed.info/id/230690007,,1,Boolean,,,,,,,,
risk_previous_ischemic_stroke,ClinicalSituationStatement,http://snomed.info/id/32485007,,,AdmissionRiskFactors,,http://www.semanticweb.org/catimc/resqplus#PreviousIschemic/TIAstrokeLeadingToHospitalization,,1,Boolean,,,,,,,,
risk_previous_hemorrhagic_stroke,ClinicalSituationStatement,http://snomed.info/id/32485007,,,AdmissionRiskFactors,,http://snomed.info/id/230706003,,1,Boolean,,,,,,,,
risk_coronary_artery_disease_or_myocardial_infarction,ClinicalSituationStatement,http://snomed.info/id/32485007,,,AdmissionRiskFactors,,http://www.semanticweb.org/catimc/resqplus#CoronaryArteryDisease/PreviousMyocardialInfarction,,1,Boolean,,,,,,,,
risk_vte,ClinicalSituationStatement,http://snomed.info/id/32485007,,,AdmissionRiskFactors,,http://snomed.info/id/429098002,,1,Boolean,,,,,,,,
risk_hiv,ClinicalSituationStatement,http://snomed.info/id/32485007,,,AdmissionRiskFactors,,http://snomed.info/id/86406008,,1,Boolean,,,,,,,,
risk_covid,ClinicalSituationStatement,http://snomed.info/id/32485007,,,AdmissionRiskFactors,,http://snomed.info/id/840539006,,1,Boolean,,,,,,,,
risk_other,ClinicalSituationStatement,http://snomed.info/id/32485007,,,AdmissionRiskFactors,,http://www.semanticweb.org/catimc/resqplus#OtherRiskFactor,,1,Boolean,,,,,,,,
before_onset_antidiabetics,ClinicalProcedureStatement,http://snomed.info/id/32485007,,,AdmissionTreatment,,,http://www.semanticweb.org/catimc/resqplus#AntiDiabeticsTherapy,1,Boolean,,,,,,,,
before_onset_antihypertensives,ClinicalProcedureStatement,http://snomed.info/id/32485007,,,AdmissionTreatment,,,http://snomed.info/id/308116003,1,Boolean,,,,,,,,
before_onset_asa,ClinicalProcedureStatement,http://snomed.info/id/32485007,,,AdmissionTreatment,,,http://www.semanticweb.org/catimc/resqplus#AntiplateletsAsaTherapy,1,Boolean,,,,,,,,
before_onset_cilostazol,ClinicalProcedureStatement,http://snomed.info/id/32485007,,,AdmissionTreatment,,,http://www.semanticweb.org/catimc/resqplus#CilostazolTherapy,1,Boolean,,,,,,,,
before_onset_clopidogrel,ClinicalProcedureStatement,http://snomed.info/id/32485007,,,AdmissionTreatment,,,http://www.semanticweb.org/catimc/resqplus#ClopidogrelTherapy,1,Boolean,,,,,,,,
before_onset_ticagrelor,ClinicalProcedureStatement,http://snomed.info/id/32485007,,,AdmissionTreatment,,,http://www.semanticweb.org/catimc/resqplus#TicagrelorTherapy,1,Boolean,,,,,,,,
before_onset_ticlopidine,ClinicalProcedureStatement,http://snomed.info/id/32485007,,,AdmissionTreatment,,,http://www.semanticweb.org/catimc/resqplus#TiclopidineTherapy,1,Boolean,,,,,,,,
before_onset_prasugrel ,ClinicalProcedureStatement,http://snomed.info/id/32485007,,,AdmissionTreatment,,,http://www.semanticweb.org/catimc/resqplus#PrasugrelTherapy,1,Boolean,,,,,,,,
before_onset_dipyridamole,ClinicalProcedureStatement,http://snomed.info/id/32485007,,,AdmissionTreatment,,,http://snomed.info/id/735127005,1,Boolean,,,,,,,,
before_onset_other_antiplatelet,ClinicalProcedureStatement,http://snomed.info/id/32485007,,,AdmissionTreatment,,,http://www.semanticweb.org/catimc/resqplus#AntiplateletsTherapy,1,Boolean,,,,,,,,
before_onset_any_antiplatelet,ClinicalProcedureStatement,http://snomed.info/id/32485007,,,AdmissionTreatment,,,http://www.semanticweb.org/catimc/resqplus#AntiplateletsTherapy,1,Boolean,,,,,,,,
before_onset_warfarin,ClinicalProcedureStatement,http://snomed.info/id/32485007,,,AdmissionTreatment,,,http://snomed.info/id/722045009,1,Boolean,,,,,,,,
before_onset_dabigatran,ClinicalProcedureStatement,http://snomed.info/id/32485007,,,AdmissionTreatment,,,http://www.semanticweb.org/catimc/resqplus#DabigatranTherapy,1,Boolean,,,,,,,,
before_onset_rivaroxaban,ClinicalProcedureStatement,http://snomed.info/id/32485007,,,AdmissionTreatment,,,http://www.semanticweb.org/catimc/resqplus#RivaroxabanTherapy,1,Boolean,,,,,,,,
before_onset_apixaban,ClinicalProcedureStatement,http://snomed.info/id/32485007,,,AdmissionTreatment,,,http://www.semanticweb.org/catimc/resqplus#ApixabanTherapy,1,Boolean,,,,,,,,
before_onset_edoxaban ,ClinicalProcedureStatement,http://snomed.info/id/32485007,,,AdmissionTreatment,,,http://www.semanticweb.org/catimc/resqplus#EdoxabanTherapy,1,Boolean,,,,,,,,
before_onset_other_anticoagulant ,ClinicalProcedureStatement,http://snomed.info/id/32485007,,,AdmissionTreatment,,,http://snomed.info/id/182764009,1,Boolean,,,,,,,,
before_onset_any_anticoagulant,ClinicalProcedureStatement,http://snomed.info/id/32485007,,,AdmissionTreatment,,,http://snomed.info/id/182764009,1,Boolean,,,,,,,,
before_onset_statin ,ClinicalProcedureStatement,http://snomed.info/id/32485007,,,AdmissionTreatment,,,http://www.semanticweb.org/catimc/resqplus#StatinTherapy,1,Boolean,,,,,,,,
before_onset_heparin,ClinicalProcedureStatement,http://snomed.info/id/32485007,,,AdmissionTreatment,,,http://snomed.info/id/443464003,1,Boolean,,,,,,,,
before_onset_contraception,ClinicalSituationStatement,http://snomed.info/id/32485007,,,AdmissionTreatmentHormonalContraception,,http://snomed.info/id/1237404009,,1,Boolean,,,,,,,,
before_onset_other,ClinicalProcedureStatement,http://snomed.info/id/32485007,,,AdmissionTreatment,,,http://www.semanticweb.org/catimc/resqplus#OtherDrugTheraphy,1,Boolean,,,,,,,,
glucose,ObservationResultStatement,http://snomed.info/id/33747003,http://snomed.info/id/32485007,,AdmissionExaminationGlucose,http://snomed.info/id/434912009,,,1,Float,,,,,,,,
cholesterol,ObservationResultStatement,http://snomed.info/id/113079009,http://snomed.info/id/32485007,,AdmissionExaminationCholesterol,http://snomed.info/id/102739008,,,1,Float,,,,,,,,
systolic_pressure,ObservationResultStatement,http://snomed.info/id/46973005,http://snomed.info/id/32485007,,AdmissionExaminationBloodPressure,http://snomed.info/id/271649006,,,1,Integer,,,,,,,,
diastolic_pressure,ObservationResultStatement,http://snomed.info/id/46973005,http://snomed.info/id/32485007,,AdmissionExaminationBloodPressure,http://snomed.info/id/271650006,,,1,Integer,,,,,,,,
nihss_score,ObservationResultStatement,http://snomed.info/id/450742003,http://snomed.info/id/32485007,,AdmissionExaminationNIHSS,http://snomed.info/id/450743008,,,1,Integer,,,,,,,,
prestroke_mrs,ObservationResultStatement,http://snomed.info/id/840318003,http://snomed.info/id/32485007,,AdmissionExaminationMRS,http://snomed.info/id/1255866005,,,1,Integer,,,,,,,,
gcs_score,ObservationResultStatement,http://snomed.info/id/68664003,http://snomed.info/id/32485007,,AdmissionExaminationGCS,http://snomed.info/id/248241002,,,1,Integer,,,,,,,,
gcs_level,,,,,,,,,1,Categorical,mild injury,,,,,,,
,,,,,,,,,,,moderate injury,,,,,,,
,,,,,,,,,,,severe injury,,,,,,,
inr_mode ,ClinicalProcedureStatement,http://snomed.info/id/440685005,,,AdmissionINRTest,,,http://www.semanticweb.org/catimc/resqplus#INRTestValueSet,1,Categorical,lab,http://snomed.info/id/15220000,,,,,,
inr_mode ,ClinicalProcedureStatement,http://snomed.info/id/440685005,,,AdmissionINRTest,,,http://www.semanticweb.org/catimc/resqplus#INRTestValueSet,,Categorical,point of care,http://snomed.info/id/405262001,,,,,,
inr_mode ,ClinicalProcedureStatement,http://snomed.info/id/440685005,,,AdmissionINRTest,,,http://www.semanticweb.org/catimc/resqplus#INRTestValueSet,,Categorical,not done,http://www.semanticweb.org/catimc/resqplus#INRTestValueSet,,,,,,http://snomed.info/id/385660001
imaging_done,ClinicalProcedureStatement,http://snomed.info/id/165197003,,,DiagnosisImaging,,,http://www.semanticweb.org/catimc/resqplus#ImagingTypeProcedureValueSet,1,Categorical,yes,http://snomed.info/id/385658003,,,,,,
imaging_done,ClinicalProcedureStatement,http://snomed.info/id/165197003,,,DiagnosisImaging,,,http://www.semanticweb.org/catimc/resqplus#ImagingTypeProcedureValueSet,,Categorical,no,http://snomed.info/id/385660001,,,,,,
imaging_done,ClinicalProcedureStatement,http://snomed.info/id/165197003,,,DiagnosisImaging,,,http://www.semanticweb.org/catimc/resqplus#ImagingTypeProcedureValueSet,,Categorical,elsewhere,,,,,,,
imaging_type,ClinicalProcedureStatement,http://snomed.info/id/165197003,,,DiagnosisImaging,,,http://www.semanticweb.org/catimc/resqplus#ImagingTypeProcedureValueSet,1,Categorical,CT,http://snomed.info/id/396205005,,,,,,
imaging_type,ClinicalProcedureStatement,http://snomed.info/id/165197003,,,DiagnosisImaging,,,http://www.semanticweb.org/catimc/resqplus#ImagingTypeProcedureValueSet,,Categorical,CT CTA,http://www.semanticweb.org/catimc/resqplus#NonContrastCT&CTAngiography,,,,,,
imaging_type,ClinicalProcedureStatement,http://snomed.info/id/165197003,,,DiagnosisImaging,,,http://www.semanticweb.org/catimc/resqplus#ImagingTypeProcedureValueSet,,Categorical,CT CTA perfusion,http://www.semanticweb.org/catimc/resqplus#NonContrastCT&CTAngiography&CTPerfusion,,,,,,
imaging_type,ClinicalProcedureStatement,http://snomed.info/id/165197003,,,DiagnosisImaging,,,http://www.semanticweb.org/catimc/resqplus#ImagingTypeProcedureValueSet,,Categorical,MR DWI/FLAIR,http://www.semanticweb.org/catimc/resqplus#MRDWIOrFLAIR,,,,,,
imaging_type,ClinicalProcedureStatement,http://snomed.info/id/165197003,,,DiagnosisImaging,,,http://www.semanticweb.org/catimc/resqplus#ImagingTypeProcedureValueSet,,Categorical,MR DWI/FLAIR MRA,http://www.semanticweb.org/catimc/resqplus#MRDWIOrFLAIR&Mrangiography,,,,,,
imaging_type,ClinicalProcedureStatement,http://snomed.info/id/165197003,,,DiagnosisImaging,,,http://www.semanticweb.org/catimc/resqplus#ImagingTypeProcedureValueSet,,Categorical,MR DWI/FLAIR MRA perfusion,http://www.semanticweb.org/catimc/resqplus#MRDWI&FLAIR&MRangiography&MRPerfusion,,,,,,
imaging_timestamp,ClinicalProcedureStatement,http://snomed.info/id/165197003,,,DiagnosisImaging,,,dateTime,1,DateTime,,,,,,,,
imaging_within_hour,,,,,,,,,1,Boolean,,,,,,,,
old_infarcts_any,ClinicalSituationStatement,http://snomed.info/id/165197003,,imaging_type,OldInfarcts,,http://snomed.info/id/432504007,,1,Boolean,,,,,,,,
old_infarcts_cortical,ClinicalSituationStatement,http://snomed.info/id/165197003,,imaging_type,OldInfarcts,,http://www.semanticweb.org/catimc/resqplus#CorticalInfarct,,1,Boolean,,,,,,,,
old_infarcts_subcortical,ClinicalSituationStatement,http://snomed.info/id/165197003,,imaging_type,OldInfarcts,,http://www.semanticweb.org/catimc/resqplus#SubcorticalInfarct,,1,Boolean,,,,,,,,
old_infarcts_brainstem,ClinicalSituationStatement,http://snomed.info/id/165197003,,imaging_type,OldInfarcts,,http://www.semanticweb.org/catimc/resqplus#BrainStemInfarct,,1,Boolean,,,,,,,,
stroke_type,ClinicalSituationStatement,http://snomed.info/id/165197003,,imaging_type,StrokeType,,http://www.semanticweb.org/catimc/resqplus#StrokeTypeValueSet,,0,Categorical,ischemic,http://snomed.info/id/422504002,,,,,,
stroke_type,ClinicalSituationStatement,http://snomed.info/id/165197003,,imaging_type,StrokeType,,http://www.semanticweb.org/catimc/resqplus#StrokeTypeValueSet,,,Categorical,intracerebral hemorrhage,http://snomed.info/id/274100004,,,,,,
stroke_type,ClinicalSituationStatement,http://snomed.info/id/165197003,,imaging_type,StrokeType,,http://www.semanticweb.org/catimc/resqplus#StrokeTypeValueSet,,,Categorical,transient ischemic,http://snomed.info/id/266257000,,,,,,
stroke_type,ClinicalSituationStatement,http://snomed.info/id/165197003,,imaging_type,StrokeType,,http://www.semanticweb.org/catimc/resqplus#StrokeTypeValueSet,,,Categorical,subarachnoid hemorrhage,http://snomed.info/id/21454007,,,,,,
stroke_type,ClinicalSituationStatement,http://snomed.info/id/165197003,,imaging_type,StrokeType,,http://www.semanticweb.org/catimc/resqplus#StrokeTypeValueSet,,,Categorical,cerebral venous thrombosis,http://snomed.info/id/95455008,,,,,,
stroke_type,ClinicalSituationStatement,http://snomed.info/id/165197003,,imaging_type,StrokeType,,http://www.semanticweb.org/catimc/resqplus#StrokeTypeValueSet,,,Categorical,stroke mimics,,,,,,,
stroke_type,ClinicalSituationStatement,http://snomed.info/id/165197003,,imaging_type,StrokeType,,http://www.semanticweb.org/catimc/resqplus#StrokeTypeValueSet,,,Categorical,undeterminded ,,,,,,,
aspects_score,ObservationResultStatement,http://snomed.info/id/1290003007,,,ASPECTScore,http://snomed.info/id/1290004001,,,1,Integer,,,,,,,,
occlusion_found,ClinicalSituationStatement,http://snomed.info/id/165197003,,imaging_type,ArterialOcclusion,,http://www.semanticweb.org/catimc/resqplus#ArterialOcclusionValueSet,,1,Boolean,,,,,,,,
occlusion_left_mca_m1,ClinicalSituationStatement,http://snomed.info/id/165197003,,imaging_type,ArterialOcclusion,,http://www.semanticweb.org/catimc/resqplus#MCAM1LeftOcclusion,,1,Boolean,,,,,,,,
occlusion_left_mca_m2,ClinicalSituationStatement,http://snomed.info/id/165197003,,imaging_type,ArterialOcclusion,,http://www.semanticweb.org/catimc/resqplus#MCAM2LeftOcclusion,,1,Boolean,,,,,,,,
occlusion_left_mca_m3,ClinicalSituationStatement,http://snomed.info/id/165197003,,imaging_type,ArterialOcclusion,,http://www.semanticweb.org/catimc/resqplus#MCAM3LeftOcclusion,,1,Boolean,,,,,,,,
occlusion_left_aca,ClinicalSituationStatement,http://snomed.info/id/165197003,,imaging_type,ArterialOcclusion,,http://www.semanticweb.org/catimc/resqplus#AnteriorCerebralArteryLeftOcclusion,,1,Boolean,,,,,,,,
occlusion_left_pca_p1,ClinicalSituationStatement,http://snomed.info/id/165197003,,imaging_type,ArterialOcclusion,,http://www.semanticweb.org/catimc/resqplus#PCAP1LeftOcclusion,,1,Boolean,,,,,,,,
occlusion_left_pca_p2,ClinicalSituationStatement,http://snomed.info/id/165197003,,imaging_type,ArterialOcclusion,,http://www.semanticweb.org/catimc/resqplus#PCAP2LeftOcclusion,,1,Boolean,,,,,,,,
occlusion_left_cae,ClinicalSituationStatement,http://snomed.info/id/165197003,,imaging_type,ArterialOcclusion,,http://www.semanticweb.org/catimc/resqplus#CarotidArteryExtLeftOcclusion,,1,Boolean,,,,,,,,
occlusion_left_cai,ClinicalSituationStatement,http://snomed.info/id/165197003,,imaging_type,ArterialOcclusion,,http://www.semanticweb.org/catimc/resqplus#CarotidArteryIntLeftOcclusion,,1,Boolean,,,,,,,,
occlusion_right_mca_m1,ClinicalSituationStatement,http://snomed.info/id/165197003,,imaging_type,ArterialOcclusion,,http://www.semanticweb.org/catimc/resqplus#MCAM1RightOcclusion,,1,Boolean,,,,,,,,
occlusion_right_mca_m2,ClinicalSituationStatement,http://snomed.info/id/165197003,,imaging_type,ArterialOcclusion,,http://www.semanticweb.org/catimc/resqplus#MCAM2RightOcclusion,,1,Boolean,,,,,,,,
cclusion_right_mca_m3,ClinicalSituationStatement,http://snomed.info/id/165197003,,imaging_type,ArterialOcclusion,,http://www.semanticweb.org/catimc/resqplus#MCAM3RightOcclusion,,1,Boolean,,,,,,,,
occlusion_right_aca ,ClinicalSituationStatement,http://snomed.info/id/165197003,,imaging_type,ArterialOcclusion,,http://www.semanticweb.org/catimc/resqplus#AnteriorCerebralArteryRightOcclusion,,1,Boolean,,,,,,,,
occlusion_right_pca_p1,ClinicalSituationStatement,http://snomed.info/id/165197003,,imaging_type,ArterialOcclusion,,http://www.semanticweb.org/catimc/resqplus#PCAP1RightOcclusion,,1,Boolean,,,,,,,,
occlusion_right_pca_p2,ClinicalSituationStatement,http://snomed.info/id/165197003,,imaging_type,ArterialOcclusion,,http://www.semanticweb.org/catimc/resqplus#PCAP2RightOcclusion,,1,Boolean,,,,,,,,
occlusion_right_cae,ClinicalSituationStatement,http://snomed.info/id/165197003,,imaging_type,ArterialOcclusion,,http://www.semanticweb.org/catimc/resqplus#CarotidArteryExtRightOcclusion,,1,Boolean,,,,,,,,
occlusion_right_cai,ClinicalSituationStatement,http://snomed.info/id/165197003,,imaging_type,ArterialOcclusion,,http://www.semanticweb.org/catimc/resqplus#CarotidArteryIntRightOcclusion,,1,Boolean,,,,,,,,
occlusion_ba,ClinicalSituationStatement,http://snomed.info/id/165197003,,imaging_type,ArterialOcclusion,,http://snomed.info/id/195180004,,1,Boolean,,,,,,,,
occlusion_va,ClinicalSituationStatement,http://snomed.info/id/165197003,,imaging_type,ArterialOcclusion,,http://snomed.info/id/195182007,,1,Boolean,,,,,,,,
perfusion_deficit_medial,ClinicalSituationStatement,http://snomed.info/id/165197003,,imaging_type,CT_MRPerfusionDeficit,,http://www.semanticweb.org/catimc/resqplus#MedialPerfusionDeficit,,1,Boolean,,,,,,,,
perfusion_deficit_anterior,ClinicalSituationStatement,http://snomed.info/id/165197003,,imaging_type,CT_MRPerfusionDeficit,,http://www.semanticweb.org/catimc/resqplus#AnteriorPerfusionDeficit,,1,Boolean,,,,,,,,
perfusion_deficit_posterior,ClinicalSituationStatement,http://snomed.info/id/165197003,,imaging_type,CT_MRPerfusionDeficit,,http://www.semanticweb.org/catimc/resqplus#PosteriorPerfusionDeficit,,1,Boolean,,,,,,,,
perfusion_deficit_carotid,ClinicalSituationStatement,http://snomed.info/id/165197003,,imaging_type,CT_MRPerfusionDeficit,,http://www.semanticweb.org/catimc/resqplus#CarotidPerfusionDeficit,,1,Boolean,,,,,,,,
perfusion_deficit_bilateral_stenosis,ClinicalSituationStatement,http://snomed.info/id/165197003,,imaging_type,UnknownPerfusionDeficitAndBilateralStenosis,,http://snomed.info/id/787044009,,1,Boolean,,,,,,,,
perfusion_core_volume,ObservationResultStatement,http://snomed.info/id/165197003,,imaging_type,CT_MRPerfusionDeficitCorePerfusionVolume,http://www.semanticweb.org/catimc/resqplus#CorePerfusionVolume,,,1,Integer,,,,,,,,
hypoperfusion_volume,ObservationResultStatement,http://snomed.info/id/165197003,,imaging_type,CT_MRPerfusionDeficitHypoperfusionVolume,http://www.semanticweb.org/catimc/resqplus#HypoperfusionVolume,,,1,Integer,,,,,,,,
Thrombolysis,ClinicalProcedureStatement,http://snomed.info/id/277132007,,,ThrombolysisTreatment,,,http://snomed.info/id/472191000119101,1,Boolean,,,,,,,,
no_thrombolysis_reason,ClinicalProcedureStatement,http://snomed.info/id/277132007,,,ThrombolysisTreatment,,,procedureReason,1,Categorical,done elsewhere,,http://www.semanticweb.org/catimc/resqplus#ThrombolysisAlreadyReceived,,,,,
no_thrombolysis_reason,ClinicalProcedureStatement,http://snomed.info/id/277132007,,,ThrombolysisTreatment,,,procedureReason,,Categorical,time window,,http://www.semanticweb.org/catimc/resqplus#OutOfTimeWindow,,,,,
no_thrombolysis_reason,ClinicalProcedureStatement,http://snomed.info/id/277132007,,,ThrombolysisTreatment,,,procedureReason,,Categorical,mild deficit,,http://www.semanticweb.org/catimc/resqplus#MildDeficit,,,,,
no_thrombolysis_reason,ClinicalProcedureStatement,http://snomed.info/id/277132007,,,ThrombolysisTreatment,,,procedureReason,,Categorical,consent,,http://www.semanticweb.org/catimc/resqplus#ConsentNotGiven,,,,,
no_thrombolysis_reason,ClinicalProcedureStatement,http://snomed.info/id/277132007,,,ThrombolysisTreatment,,,procedureReason,,Categorical,only MT,,http://www.semanticweb.org/catimc/resqplus#ThrombolysisNotNeeded,,,,,
no_thrombolysis_reason,ClinicalProcedureStatement,http://snomed.info/id/277132007,,,ThrombolysisTreatment,,,procedureReason,,Categorical,cost of treatment,,http://www.semanticweb.org/catimc/resqplus#CostOfTreatment,,,,,
no_thrombolysis_reason,ClinicalProcedureStatement,http://snomed.info/id/277132007,,,ThrombolysisTreatment,,,procedureReason,,Categorical,transferred elsewhere,,http://www.semanticweb.org/catimc/resqplus#TransferToOtherHospital,,,,,
no_thrombolysis_reason,ClinicalProcedureStatement,http://snomed.info/id/277132007,,,ThrombolysisTreatment,,,procedureReason,,Categorical,not available,,http://www.semanticweb.org/catimc/resqplus#ThrombolysisTreatmentNotAvailable,,,,,
no_thrombolysis_reason,ClinicalProcedureStatement,http://snomed.info/id/277132007,,,ThrombolysisTreatment,,,procedureReason,,Categorical,other,,http://www.semanticweb.org/catimc/resqplus#OtherNoThrombolysisReason,,,,,
ivt_antidote_given ,ClinicalProcedureStatement,http://snomed.info/id/277132007,,,AnticoagulantAntidoteAdmin,,,http://www.semanticweb.org/catimc/resqplus#AnticoagulantAntidoteValueSet,1,Boolean,,,,,,,,
ivt_drug,ClinicalProcedureStatement,http://snomed.info/id/277132007,,,ThrombolysisTreatment,,,http://www.semanticweb.org/catimc/resqplus#ThrombolysisProcedureValueSet,1,Categorical,alteplase,http://www.semanticweb.org/catimc/resqplus#ThrombolysisAlteplase,,,,,,
ivt_drug,ClinicalProcedureStatement,http://snomed.info/id/277132007,,,ThrombolysisTreatment,,,http://www.semanticweb.org/catimc/resqplus#ThrombolysisProcedureValueSet,,Categorical,tenecteplase,http://www.semanticweb.org/catimc/resqplus#ThrombolysisTenecteplase,,,,,,
ivt_drug,ClinicalProcedureStatement,http://snomed.info/id/277132007,,,ThrombolysisTreatment,,,http://www.semanticweb.org/catimc/resqplus#ThrombolysisProcedureValueSet,,Categorical,streptokinase,http://www.semanticweb.org/catimc/resqplus#ThrombolysisStreptokinase,,,,,,
ivt_drug,ClinicalProcedureStatement,http://snomed.info/id/277132007,,,ThrombolysisTreatment,,,http://www.semanticweb.org/catimc/resqplus#ThrombolysisProcedureValueSet,,Categorical,staphylokinase,http://www.semanticweb.org/catimc/resqplus#ThrombolysisStaphylokinase,,,,,,
ivt_drug_dose,,http://snomed.info/id/277132007,,,ThrombolysisTreatment,,,hasDosage,1,Integer,,,,,,,,
ivt_application_department,ClinicalProcedureStatement,http://snomed.info/id/277132007,,,ThrombolysisTreatment,,,procedureLocation,1,Categorical,radiology,,,http://snomed.info/id/79491001,,,,
ivt_application_department,ClinicalProcedureStatement,http://snomed.info/id/277132007,,,ThrombolysisTreatment,,,procedureLocation,,Categorical,stroke unit or ICU,,,http://www.semanticweb.org/catimc/resqplus#Stroke/ICULocation,,,,
ivt_application_department,ClinicalProcedureStatement,http://snomed.info/id/277132007,,,ThrombolysisTreatment,,,procedureLocation,,Categorical,emergency,,,http://snomed.info/id/73770003,,,,
ivt_application_department,ClinicalProcedureStatement,http://snomed.info/id/277132007,,,ThrombolysisTreatment,,,procedureLocation,,Categorical,other,,,http://www.semanticweb.org/catimc/resqplus#OtherHospitalDepartment,,,,
bolus_timestamp,ClinicalProcedureStatement,http://snomed.info/id/277132007,,,ThrombolysisTreatment,,,dateTime,1,DateTime,,,,,,,,
door_to_needle,,,,,,,,,1,Integer,,,,,,,,
thrombectomy,ClinicalProcedureStatement,http://snomed.info/id/277132007,,,ThrombectomyTreatment,,,http://snomed.info/id/397046001,1,Boolean,,,,,,,,
no_thrombectomy_reason,ClinicalProcedureStatement,http://snomed.info/id/277132007,,,ThrombectomyTreatment,,,procedureReason,1,Categorical,done elsewhere,,http://www.semanticweb.org/catimc/resqplus#ThrombectomyAlreadyReceived,,,,,
no_thrombectomy_reason,ClinicalProcedureStatement,http://snomed.info/id/277132007,,,ThrombectomyTreatment,,,procedureReason,,,time window,,http://www.semanticweb.org/catimc/resqplus#OutOfTimeWindow,,,,,
no_thrombectomy_reason,ClinicalProcedureStatement,http://snomed.info/id/277132007,,,ThrombectomyTreatment,,,procedureReason,,,mild deficit,,http://www.semanticweb.org/catimc/resqplus#MildDeficit,,,,,
no_thrombectomy_reason,ClinicalProcedureStatement,http://snomed.info/id/277132007,,,ThrombectomyTreatment,,,procedureReason,,,no large vessel occlusion,,http://www.semanticweb.org/catimc/resqplus#LargeVesselOcclusion,,,,,
no_thrombectomy_reason,ClinicalProcedureStatement,http://snomed.info/id/277132007,,,ThrombectomyTreatment,,,procedureReason,,,disability,,http://www.semanticweb.org/catimc/resqplus#PremorbidDisability,,,,,
no_thrombectomy_reason,ClinicalProcedureStatement,http://snomed.info/id/277132007,,,ThrombectomyTreatment,,,procedureReason,,,consent,,http://www.semanticweb.org/catimc/resqplus#ConsentNotGiven,,,,,
no_thrombectomy_reason,ClinicalProcedureStatement,http://snomed.info/id/277132007,,,ThrombectomyTreatment,,,procedureReason,,,cost of treatment,,http://www.semanticweb.org/catimc/resqplus#CostOfTreatment,,,,,
no_thrombectomy_reason,ClinicalProcedureStatement,http://snomed.info/id/277132007,,,ThrombectomyTreatment,,,procedureReason,,,transferred elsewhere,,http://www.semanticweb.org/catimc/resqplus#TransferToOtherHospital,,,,,
no_thrombectomy_reason,ClinicalProcedureStatement,http://snomed.info/id/277132007,,,ThrombectomyTreatment,,,procedureReason,,,not available,,http://www.semanticweb.org/catimc/resqplus#ThrombectomyTreatmentNotAvailable,,,,,
no_thrombectomy_reason,ClinicalProcedureStatement,http://snomed.info/id/277132007,,,ThrombectomyTreatment,,,procedureReason,,,technically not possible,,http://www.semanticweb.org/catimc/resqplus#ThrombectomyTreatmentTechnicallyNotPossible,,,,,
no_thrombectomy_reason,ClinicalProcedureStatement,http://snomed.info/id/277132007,,,ThrombectomyTreatment,,,procedureReason,,,other,,http://www.semanticweb.org/catimc/resqplus#OtherNoThrombectomyReason,,,,,
no_thrombectomy_reason,,,,,,,,,,,no angiography,,,,,,,
no_thrombectomy_reason,ClinicalProcedureStatement,http://snomed.info/id/277132007,,,ThrombectomyTreatment,,,procedureReason,,,transferer elsewhere to perform IVT,,http://www.semanticweb.org/catimc/resqplus#TransferToOtherHospital,,,,,
mtici_score,ObservationResultStatement,http://snomed.info/id/445536008,,,mTICIScore,http://www.semanticweb.org/catimc/resqplus#mTICIScoreObservable,,,1,String,0,0,,,,,,
mtici_score,ObservationResultStatement,http://snomed.info/id/445536008,,,mTICIScore,http://www.semanticweb.org/catimc/resqplus#mTICIScoreObservable,,,,String,1,1,,,,,,
mtici_score,ObservationResultStatement,http://snomed.info/id/445536008,,,mTICIScore,http://www.semanticweb.org/catimc/resqplus#mTICIScoreObservable,,,,String,2A,2A,,,,,,
mtici_score,ObservationResultStatement,http://snomed.info/id/445536008,,,mTICIScore,http://www.semanticweb.org/catimc/resqplus#mTICIScoreObservable,,,,String,2B,2B,,,,,,
mtici_score,ObservationResultStatement,http://snomed.info/id/445536008,,,mTICIScore,http://www.semanticweb.org/catimc/resqplus#mTICIScoreObservable,,,,String,2C,2C,,,,,,
mtici_score,ObservationResultStatement,http://snomed.info/id/445536008,,,mTICIScore,http://www.semanticweb.org/catimc/resqplus#mTICIScoreObservable,,,,String,3,3,,,,,,
mtici_score,ObservationResultStatement,http://snomed.info/id/445536008,,,mTICIScore,http://www.semanticweb.org/catimc/resqplus#mTICIScoreObservable,,,,String,   occlusion not corfirmed ,   occlusion not corfirmed ,,,,,,http://snomed.info/id/261665006
puncture_timestamp,ClinicalProcedureStatement,http://snomed.info/id/277132007,,,ThrombectomyTreatment,,,dateTime,1,DateTime,,,,,,,,
door_to_groin,,,,,,,,,1,Integer,,,,,,,,
reperfusion_timestamp,,,,,,,,,1,DateTime,,,,,,,,
transfer_timestamp,,,,,,,,,1,DateTime,,,,,,,,
door_to_door,,,,,,,,,1,Integer,,,,,,,,
mt_complications_perforation,ClinicalSituationStatement,http://snomed.info/id/43810009,,,ThrombectomyComplications,,http://www.semanticweb.org/catimc/resqplus#PerforationOfArteryThrombectomyComplication,,1,Boolean,,,,,,,,
mt_complications_dissection,ClinicalSituationStatement,http://snomed.info/id/43810009,,,ThrombectomyComplications,,http://www.semanticweb.org/catimc/resqplus#ArteryDissectionThrombectomyComplication,,1,Boolean,,,,,,,,
mt_complications_embolization,ClinicalSituationStatement,http://snomed.info/id/43810009,,,ThrombectomyComplications,,http://www.semanticweb.org/catimc/resqplus#EmolizationThrombectomyComplication,,1,Boolean,,,,,,,,
mt_complications_hematoma,ClinicalSituationStatement,http://snomed.info/id/43810009,,,ThrombectomyComplications,,http://www.semanticweb.org/catimc/resqplus#HematomaThrombectomyComplication,,1,Boolean,,,,,,,,
mt_complications_other,ClinicalSituationStatement,http://snomed.info/id/43810009,,,ThrombectomyComplications,,http://www.semanticweb.org/catimc/resqplus#OtherMTComplications,,1,Boolean,,,,,,,,
bleeding_volume,ObservationResultStatement,http://snomed.info/id/275294003,http://snomed.info/id/165197003,,BleedingVolume,http://snomed.info/id/16086006,,,1,Integer,,,,,,,,
bleeding_volume_over_30,,,,,,,,,1,Boolean,,,,,,,,
infratentorial_hemorrhage,ClinicalSituationStatement,http://snomed.info/id/165197003,,,InfratentorialSourceBleeding,,http://www.semanticweb.org/catimc/resqplus#InfratentorialBleeding,,1,Boolean,,,,,,,,
bleeding_source_found,ClinicalSituationStatement,http://snomed.info/id/165197003,,,SourceBleedingFound,,http://snomed.info/id/413245000,,1,Boolean,,,,,,,,
intraventricular_hemorrhage,ClinicalSituationStatement,http://snomed.info/id/165197003,,,IntraventricularSourceBleeding,,http://snomed.info/id/23276006,,1,Boolean,,,,,,,,
bleeding_reason_hypertension,ClinicalSituationStatement,http://snomed.info/id/165197003,,,ReasonForBleeding,,http://www.semanticweb.org/catimc/resqplus#BleedingDueToHypertension,,1,Boolean,,,,,,,,
bleeding_reason_aneurysm,ClinicalSituationStatement,http://snomed.info/id/165197003,,,ReasonForBleeding,,http://www.semanticweb.org/catimc/resqplus#BleedingDueToAneurysm,,1,Boolean,,,,,,,,
bleeding_reason_malformation,ClinicalSituationStatement,http://snomed.info/id/165197003,,,ReasonForBleeding,,http://www.semanticweb.org/catimc/resqplus#BleedingDueToArteriovebeousMalformation,,1,Boolean,,,,,,,,
bleeding_reason_anticoagulant,ClinicalSituationStatement,http://snomed.info/id/165197003,,,ReasonForBleeding,,http://www.semanticweb.org/catimc/resqplus#BleedingDueToAntTherapy,,1,Boolean,,,,,,,,
bleeding_reason_angiopathy,ClinicalSituationStatement,http://snomed.info/id/165197003,,,ReasonForBleeding,,http://www.semanticweb.org/catimc/resqplus#BleedingDueToAmyloidAngiopathy,,1,Boolean,,,,,,,,
bleeding_reason_other,ClinicalSituationStatement,http://snomed.info/id/165197003,,,ReasonForBleeding,,http://www.semanticweb.org/catimc/resqplus#OtherReasonForBleeding,,1,Boolean,,,,,,,,
bleeding_antidote,ClinicalProcedureStatement,http://snomed.info/id/165197003,,,AnticoagulantAntidoteAdmin,,,http://www.semanticweb.org/catimc/resqplus#AnticoagulantAntidoteValueSet,,Categorical,andexanete,http://www.semanticweb.org/catimc/resqplus#AndexanateAntidote,,,,,,
bleeding_antidote,ClinicalProcedureStatement,http://snomed.info/id/165197003,,,AnticoagulantAntidoteAdmin,,,http://www.semanticweb.org/catimc/resqplus#AnticoagulantAntidoteValueSet,,Categorical,idarucizumab,http://www.semanticweb.org/catimc/resqplus#IdarucizumabAntidote,,,,,,
bleeding_antidote,ClinicalProcedureStatement,http://snomed.info/id/165197003,,,AnticoagulantAntidoteAdmin,,,http://www.semanticweb.org/catimc/resqplus#AnticoagulantAntidoteValueSet,,Categorical,frozen plasma,http://www.semanticweb.org/catimc/resqplus#FrozenPlasmaAntidote,,,,,,
bleeding_antidote,ClinicalProcedureStatement,http://snomed.info/id/165197003,,,AnticoagulantAntidoteAdmin,,,http://www.semanticweb.org/catimc/resqplus#AnticoagulantAntidoteValueSet,,Categorical,prothrombin,http://www.semanticweb.org/catimc/resqplus#ProthrombinAntidote,,,,,,
bleeding_antidote,ClinicalProcedureStatement,http://snomed.info/id/165197003,,,AnticoagulantAntidoteAdmin,,,http://www.semanticweb.org/catimc/resqplus#AnticoagulantAntidoteValueSet,,Categorical,other,http://www.semanticweb.org/catimc/resqplus#OtherAntidoteSubstance,,,,,,
bleeding_antidote,ClinicalProcedureStatement,http://snomed.info/id/165197003,,,AnticoagulantAntidoteAdmin,,,http://www.semanticweb.org/catimc/resqplus#AnticoagulantAntidoteValueSet,,Categorical,none,http://snomed.info/id/385660001,,,,,,
neurosurgery,ClinicalProcedureStatement,http://snomed.info/id/277132007,,,ICHNeuroSurgery,,,http://www.semanticweb.org/catimc/resqplus#NeurosurgeryICHValueSet,1,Boolean,,,,,,,,
ich_treatment_hematoma_evacuation,ClinicalProcedureStatement,http://snomed.info/id/277132007,,,ICHNeuroSurgery,,,http://snomed.info/id/10458001,1,Boolean,,,,,,,,
ich_treatment_ventricular_drainage,ClinicalProcedureStatement,http://snomed.info/id/277132007,,,ICHNeuroSurgery,,,http://snomed.info/id/230869001,1,Boolean,,,,,,,,
ich_treatment_craniectomy,ClinicalProcedureStatement,http://snomed.info/id/277132007,,,ICHNeuroSurgery,,,http://snomed.info/id/1288015005,1,Boolean,,,,,,,,
tia_clinical_symptoms,ClinicalSituationStatement,http://snomed.info/id/277132007,,,TIAClinicalSymptoms,,http://www.semanticweb.org/catimc/resqplus#TIAClinicalSymptomsFinding,,1,Categorical,weakness,http://www.semanticweb.org/catimc/resqplus#WeaknessTIASymptom,,,,,,
tia_clinical_symptoms,ClinicalSituationStatement,http://snomed.info/id/277132007,,,TIAClinicalSymptoms,,http://www.semanticweb.org/catimc/resqplus#TIAClinicalSymptomsFinding,,,Categorical,speech disturbance,http://www.semanticweb.org/catimc/resqplus#SpeechDisturbanceTIASymptom,,,,,,
tia_clinical_symptoms,ClinicalSituationStatement,http://snomed.info/id/277132007,,,TIAClinicalSymptoms,,http://www.semanticweb.org/catimc/resqplus#TIAClinicalSymptomsFinding,,,Categorical,other,http://www.semanticweb.org/catimc/resqplus#TIAClinicalSymptomsFinding,,,,,,
tia_symptoms_duration,ObservationResultStatement,http://snomed.info/id/277132007,,,TimeSymptomTIAlasts,http://www.semanticweb.org/catimc/resqplus#TimeSymptomTIAlastsObservable,,,1,String,< 10 minutes,< 10 minutes,,,,,,
tia_symptoms_duration,ObservationResultStatement,http://snomed.info/id/277132007,,,TimeSymptomTIAlasts,http://www.semanticweb.org/catimc/resqplus#TimeSymptomTIAlastsObservable,,,,String,10 to 59 minutes,10 to 59 minutes,,,,,,
tia_symptoms_duration,ObservationResultStatement,http://snomed.info/id/277132007,,,TimeSymptomTIAlasts,http://www.semanticweb.org/catimc/resqplus#TimeSymptomTIAlastsObservable,,,,String,3 | >= 60 minutes,3 | >= 60 minutes,,,,,,
hunt_hess_score,ObservationResultStatement,http://snomed.info/id/445536008,,,HuntHessScore,http://www.semanticweb.org/catimc/resqplus#HuntHessScoreObservable,,,1,Integer,,,,,,,,
sah_treatment_coiling,ClinicalProcedureStatement,http://snomed.info/id/277132007,,,SHIntervention,,,http://snomed.info/id/429062005,1,Boolean,,,,,,,,
sah_treatment_clipping,ClinicalProcedureStatement,http://snomed.info/id/277132007,,,SHIntervention,,,http://snomed.info/id/230898002,1,Boolean,,,,,,,,
sah_treatment_drainage,ClinicalProcedureStatement,http://snomed.info/id/277132007,,,SHIntervention,,,http://snomed.info/id/230869001,1,Boolean,,,,,,,,
sah_treatment_craniectomy,ClinicalProcedureStatement,http://snomed.info/id/277132007,,,SHIntervention,,,http://snomed.info/id/1288015005,1,Boolean,,,,,,,,
sah_treatment_other,,,,,,,,,1,Boolean,,,,,,,,
nimodipine,ClinicalProcedureStatement,http://snomed.info/id/277132007,,,NimodipineAdm,,,http://www.semanticweb.org/catimc/resqplus#NimodipineAdminProcedure,1,Boolean,,,,,,,,
nimodipine_timing,ClinicalProcedureStatement,http://snomed.info/id/277132007,,,NimodipineAdm,,,dateTime,1,Categorical,within 24 hours,http://snomed.info/id/281380002,,,,,,
,,,,,,,,,,,after 24 hours,http://snomed.info/id/281381003,,,,,,
cvt_treatment_anticoagulation,ClinicalProcedureStatement,http://snomed.info/id/277132007,,,CVTTreatment,,,http://snomed.info/id/182764009,1,Boolean,,,,,,,,
cvt_treatment_thrombectomy,ClinicalProcedureStatement,http://snomed.info/id/277132007,,,CVTTreatment,,,http://snomed.info/id/233422002,1,Boolean,,,,,,,,
cvt_treatment_thrombolysis,ClinicalProcedureStatement,http://snomed.info/id/277132007,,,CVTTreatment,,,http://snomed.info/id/230936002,1,Boolean,,,,,,,,
cvt_treatment_neurosurgery,ClinicalProcedureStatement,http://snomed.info/id/277132007,,,CVTTreatment,,,http://snomed.info/id/1288015005,1,Boolean,,,,,,,,
stroke_mimics_diagnosis,ClinicalSituationStatement,http://snomed.info/id/165197003,,,StrokeMIMICDiagnosis,,http://www.semanticweb.org/catimc/resqplus#StrokeMIMICValueSet,,1,Categorical,migraine,http://snomed.info/id/37796009,,,,,,
stroke_mimics_diagnosis,ClinicalSituationStatement,http://snomed.info/id/165197003,,,StrokeMIMICDiagnosis,,http://www.semanticweb.org/catimc/resqplus#StrokeMIMICValueSet,,,Categorical,seizure,http://snomed.info/id/91175000,,,,,,
stroke_mimics_diagnosis,ClinicalSituationStatement,http://snomed.info/id/165197003,,,StrokeMIMICDiagnosis,,http://www.semanticweb.org/catimc/resqplus#StrokeMIMICValueSet,,,Categorical,delirium,http://snomed.info/id/2776000,,,,,,
stroke_mimics_diagnosis,ClinicalSituationStatement,http://snomed.info/id/165197003,,,StrokeMIMICDiagnosis,,http://www.semanticweb.org/catimc/resqplus#StrokeMIMICValueSet,,,Categorical,imbalance,http://www.semanticweb.org/catimc/resqplus#ElectrolyteOrMetabolicImbalance,,,,,,
stroke_mimics_diagnosis,ClinicalSituationStatement,http://snomed.info/id/165197003,,,StrokeMIMICDiagnosis,,http://www.semanticweb.org/catimc/resqplus#StrokeMIMICValueSet,,,Categorical,functional disorder,http://snomed.info/id/386585008,,,,,,
stroke_mimics_diagnosis,ClinicalSituationStatement,http://snomed.info/id/165197003,,,StrokeMIMICDiagnosis,,http://www.semanticweb.org/catimc/resqplus#StrokeMIMICValueSet,,,Categorical,other,,,,,,,
stroke_mimics_ivt,,,,,,,,,1,Boolean,,,,,,,,
post_acute_care,ClinicalProcedureStatement,,,,PostAcuteCare,,,http://www.semanticweb.org/catimc/resqplus#PostAcuteCareProcedure,0,Boolean,,,,,,,,
patient_ventilated,ClinicalProcedureStatement,http://www.semanticweb.org/catimc/resqplus#PostAcuteCareProcedure,,,PostAcuteArtificalVentilation,,,http://snomed.info/id/40617009,1,Boolean,,,,,,,,
craniectomy,ClinicalProcedureStatement,http://www.semanticweb.org/catimc/resqplus#PostAcuteCareProcedure,,,PostAcuteCraniectomy,,,http://snomed.info/id/1288015005,1,Boolean,,,,,,,,
carotid_arteries_imaging,ClinicalProcedureStatement,http://www.semanticweb.org/catimc/resqplus#PostAcuteCareProcedure,,,PostAcuteCarotidArterisImaging,,,http://snomed.info/id/58920005,1,Boolean,,,,,,,,
carotid_stenosis,ClinicalSituationStatement,http://www.semanticweb.org/catimc/resqplus#PostAcuteCarotidArterisImaging,,,PostAcuteCarotidStenosis,,http://snomed.info/id/9611000119107,,1,Boolean,,,,,,,,
carotid_stenosis_level,ObservationResultStatement,http://www.semanticweb.org/catimc/resqplus#PostAcuteCareProcedure,,,PostAcuteCarotidStenosisLevel,http://www.semanticweb.org/catimc/resqplus#CarotidStenosisLevelObservable,,,1,Categorical,50 to 70,http://www.semanticweb.org/catimc/resqplus#ModerateCarotidStenosis,,,,,,
carotid_stenosis_level,ObservationResultStatement,http://www.semanticweb.org/catimc/resqplus#PostAcuteCareProcedure,,,PostAcuteCarotidStenosisLevel,http://www.semanticweb.org/catimc/resqplus#CarotidStenosisLevelObservable,,,,Categorical,over 70,http://www.semanticweb.org/catimc/resqplus#SevereCarotidStenosis,,,,,,
carotid_endarterectomy,ClinicalProcedureStatement,http://www.semanticweb.org/catimc/resqplus#PostAcuteCareProcedure,,,PostAcuteCarotidEndardectomy,,,http://www.semanticweb.org/catimc/resqplus#CarotidEndardectomyAndStent,1,Boolean,,,,,,,,
carotid_endarterectomy_timing,ObservationResultStatement,http://www.semanticweb.org/catimc/resqplus#PostAcuteCareProcedure,,,PostAcuteCarotidEndardectomyTiming,http://www.semanticweb.org/catimc/resqplus#PostAcuteCarotidEndardectomyTimingObservable,,,1,Categorical,24 hours to 2 weeks,http://www.semanticweb.org/catimc/resqplus#LaterThan24hoursButSoonerThan2WeeksStroke,,,,,,
carotid_endarterectomy_timing,ObservationResultStatement,http://www.semanticweb.org/catimc/resqplus#PostAcuteCareProcedure,,,PostAcuteCarotidEndardectomyTiming,http://www.semanticweb.org/catimc/resqplus#PostAcuteCarotidEndardectomyTimingObservable,,,,Categorical,in 24 hours,http://www.semanticweb.org/catimc/resqplus#WithinFirst24hoursStroke,,,,,,
carotid_endarterectomy_timing,ObservationResultStatement,http://www.semanticweb.org/catimc/resqplus#PostAcuteCareProcedure,,,PostAcuteCarotidEndardectomyTiming,http://www.semanticweb.org/catimc/resqplus#PostAcuteCarotidEndardectomyTimingObservable,,,,Categorical,after 2 weeks,http://www.semanticweb.org/catimc/resqplus#LaterThan2WeeksAfterStroke,,,,,,
atrial_fibrillation_or_flutter,ClinicalSituationStatement,http://www.semanticweb.org/catimc/resqplus#PostAcuteCareProcedure,,,PostAcuteAtrialFibrilationOrFlutter,,http://www.semanticweb.org/catimc/resqplus#AtrialFibrillationOrFlutter,,1,Categorical,known AF,,,,,,http://snomed.info/id/410513005,http://snomed.info/id/410515003
atrial_fibrillation_or_flutter,ClinicalSituationStatement,http://www.semanticweb.org/catimc/resqplus#PostAcuteCareProcedure,,,PostAcuteAtrialFibrilationOrFlutter,,http://www.semanticweb.org/catimc/resqplus#AtrialFibrillationOrFlutter,,,Categorical,detected,,,,,,,http://snomed.info/id/410515003
atrial_fibrillation_or_flutter,ClinicalSituationStatement,http://www.semanticweb.org/catimc/resqplus#PostAcuteCareProcedure,,,PostAcuteAtrialFibrilationOrFlutter,,http://www.semanticweb.org/catimc/resqplus#AtrialFibrillationOrFlutter,,,Categorical,no AF,,,,,,,http://snomed.info/id/410516002
atrial_fibrillation_or_flutter,ClinicalSituationStatement,http://www.semanticweb.org/catimc/resqplus#PostAcuteCareProcedure,,,PostAcuteAtrialFibrilationOrFlutter,,http://www.semanticweb.org/catimc/resqplus#AtrialFibrillationOrFlutter,,,Categorical,not screened,,,,,,,http://snomed.info/id/261665006
stroke_etiology_la_atherosclerosis,ClinicalSituationStatement,http://www.semanticweb.org/catimc/resqplus#PostAcuteCareProcedure,,,PostACuteStrokeEtiology,,http://www.semanticweb.org/catimc/resqplus#StrokeDueToAtherosclerosis,,1,Boolean,,,,,,,,
stroke_etiology_cardioembolism,ClinicalSituationStatement,http://www.semanticweb.org/catimc/resqplus#PostAcuteCareProcedure,,,PostACuteStrokeEtiology,,http://www.semanticweb.org/catimc/resqplus#StrokeDueToCardioembolism,,1,Boolean,,,,,,,,
stroke_etiology_other,,,,,,,,,1,Boolean,,,,,,,,
stroke_etiology_cryptogenic_stroke,ClinicalSituationStatement,http://www.semanticweb.org/catimc/resqplus#PostAcuteCareProcedure,,,PostACuteStrokeEtiology,,http://snomed.info/id/16891111000119104,,1,Boolean,,,,,,,,
stroke_etiology_lacunar,ClinicalSituationStatement,http://www.semanticweb.org/catimc/resqplus#PostAcuteCareProcedure,,,PostACuteStrokeEtiology,,http://www.semanticweb.org/catimc/resqplus#StrokeDueToSmallVesselDiseaseOrLacunar,,1,Boolean,,,,,,,,
vte_ufh,ClinicalProcedureStatement,http://www.semanticweb.org/catimc/resqplus#PostAcuteCareProcedure,,,PostAcuteVTEIntervention,,,http://www.semanticweb.org/catimc/resqplus#ProphylacticHeparinFocusThromboembolism,1,Boolean,,,,,,,,
vte_lmwh,ClinicalProcedureStatement,http://www.semanticweb.org/catimc/resqplus#PostAcuteCareProcedure,,,PostAcuteVTEIntervention,,,http://www.semanticweb.org/catimc/resqplus#LMWHFocusThromboembolism,1,Boolean,,,,,,,,
vte_ipc,ClinicalProcedureStatement,http://www.semanticweb.org/catimc/resqplus#PostAcuteCareProcedure,,,PostAcuteVTEIntervention,,,http://www.semanticweb.org/catimc/resqplus#IPCFocusThromboembolism,1,Boolean,,,,,,,,
vte_gcs,ClinicalProcedureStatement,http://www.semanticweb.org/catimc/resqplus#PostAcuteCareProcedure,,,PostAcuteVTEIntervention,,,http://www.semanticweb.org/catimc/resqplus#GCSFocusThromoembolism,1,Boolean,,,,,,,,
vte_warfarin,ClinicalProcedureStatement,http://www.semanticweb.org/catimc/resqplus#PostAcuteCareProcedure,,,PostAcuteVTEIntervention,,,http://www.semanticweb.org/catimc/resqplus#WarfarinTherapyFocusThromboembolism,1,Boolean,,,,,,,,
vte_vfp,ClinicalProcedureStatement,http://www.semanticweb.org/catimc/resqplus#PostAcuteCareProcedure,,,PostAcuteVTEIntervention,,,http://www.semanticweb.org/catimc/resqplus#VFPFocusThromboembolism,1,Boolean,,,,,,,,
vte_xa_inhibitor,ClinicalProcedureStatement,http://www.semanticweb.org/catimc/resqplus#PostAcuteCareProcedure,,,PostAcuteVTEIntervention,,,http://www.semanticweb.org/catimc/resqplus#ProphylacticXAInhibitorFocusThromboembolism,1,Boolean,,,,,,,,
vte_other,,,,,,,,,1,Boolean,,,,,,,,
post_stroke_pneumonia,ClinicalSituationStatement,http://www.semanticweb.org/catimc/resqplus#PostAcuteCareProcedure,,,PostStrokeComplications,,http://www.semanticweb.org/catimc/resqplus#PneumoniaSequelaOfStroke,,1,Boolean,,,,,,,,
post_stroke_dvt,ClinicalSituationStatement,http://www.semanticweb.org/catimc/resqplus#PostAcuteCareProcedure,,,PostStrokeComplications,,http://www.semanticweb.org/catimc/resqplus#:DVTSequelaOfStroke,,1,Boolean,,,,,,,,
post_stroke_pulmonary_embolism,ClinicalSituationStatement,http://www.semanticweb.org/catimc/resqplus#PostAcuteCareProcedure,,,PostStrokeComplications,,http://www.semanticweb.org/catimc/resqplus#PulmonaryEmbolismSequelaOfStroke,,1,Boolean,,,,,,,,
post_stroke_urinary_infection,ClinicalSituationStatement,http://www.semanticweb.org/catimc/resqplus#PostAcuteCareProcedure,,,PostStrokeComplications,,http://www.semanticweb.org/catimc/resqplus#UrinaryInfectionSequelaOfStroke,,1,Boolean,,,,,,,,
post_stroke_pressure_sores,ClinicalSituationStatement,http://www.semanticweb.org/catimc/resqplus#PostAcuteCareProcedure,,,PostStrokeComplications,,http://www.semanticweb.org/catimc/resqplus#PressureSoresSequelaOfStroke,,1,Boolean,,,,,,,,
post_stroke_drip_site_sepsis,ClinicalSituationStatement,http://www.semanticweb.org/catimc/resqplus#PostAcuteCareProcedure,,,PostStrokeComplications,,http://www.semanticweb.org/catimc/resqplus#DripSepsisSequelaOfStroke,,1,Boolean,,,,,,,,
post_stroke_recurrence_or_extension,ClinicalSituationStatement,http://www.semanticweb.org/catimc/resqplus#PostAcuteCareProcedure,,,PostStrokeComplications,,http://www.semanticweb.org/catimc/resqplus#RecurrentOrExtensionSequelaOfStroke,,1,Boolean,,,,,,,,
post_stroke_other,,,,,,,,,1,Boolean,,,,,,,,
post_recanalization_imaging ,ClinicalProcedureStatement,http://www.semanticweb.org/catimc/resqplus#PostAcuteCareProcedure,,,CT_MRAfterIVT_MT,,,http://www.semanticweb.org/catimc/resqplus#CT_MRAfterIVT_MTValueSet,1,Categorical,CT,http://www.semanticweb.org/catimc/resqplus#CTAfterVT_MT,,,,,,
post_recanalization_imaging ,ClinicalProcedureStatement,http://www.semanticweb.org/catimc/resqplus#PostAcuteCareProcedure,,,CT_MRAfterIVT_MT,,,http://www.semanticweb.org/catimc/resqplus#CT_MRAfterIVT_MTValueSet,,Categorical,MR,http://www.semanticweb.org/catimc/resqplus#MRAfterVT_MT,,,,,,
post_recanalization_imaging ,ClinicalProcedureStatement,http://www.semanticweb.org/catimc/resqplus#PostAcuteCareProcedure,,,CT_MRAfterIVT_MT,,,http://www.semanticweb.org/catimc/resqplus#CT_MRAfterIVT_MTValueSet,,Categorical,no,http://snomed.info/id/385660001,,,,,,
post_treatment_brain_infarct,ClinicalSituationStatement,http://www.semanticweb.org/catimc/resqplus#PostAcuteCareProcedure,,,FindingsOnCT_MRAfterIVT_MT,,http://www.semanticweb.org/catimc/resqplus#BrainInfarctAfterIVT_MT,,1,Boolean,,,,,,,,
post_treatment_no_bleeding,ClinicalSituationStatement,http://www.semanticweb.org/catimc/resqplus#PostAcuteCareProcedure,,,FindingsOnCT_MRAfterIVT_MT,,http://www.semanticweb.org/catimc/resqplus#BleedingAfterVT_MT,,1,Boolean,,,,,,,,http://snomed.info/id/410516002
post_treatment_remote ,ClinicalSituationStatement,http://www.semanticweb.org/catimc/resqplus#PostAcuteCareProcedure,,,FindingsOnCT_MRAfterIVT_MT,,http://www.semanticweb.org/catimc/resqplus#RemoteBleedingAfterVT_MT,,1,Boolean,,,,,,,,
post_treatment_hi_1,ClinicalSituationStatement,http://www.semanticweb.org/catimc/resqplus#PostAcuteCareProcedure,,,FindingsOnCT_MRAfterIVT_MT,,http://www.semanticweb.org/catimc/resqplus#RemoteBleedingHI_1AfterVT_MT,,1,Boolean,,,,,,,,
post_treatment_hi_2,ClinicalSituationStatement,http://www.semanticweb.org/catimc/resqplus#PostAcuteCareProcedure,,,FindingsOnCT_MRAfterIVT_MT,,http://www.semanticweb.org/catimc/resqplus#RemoteBleedingHI_2AfterVT_MT,,1,Boolean,,,,,,,,
post_treatment_ph_1,ClinicalSituationStatement,http://www.semanticweb.org/catimc/resqplus#PostAcuteCareProcedure,,,FindingsOnCT_MRAfterIVT_MT,,http://www.semanticweb.org/catimc/resqplus#RemoteBleedingPH_1AfterVT_MT,,1,Boolean,,,,,,,,
post_treatment_ph_2,ClinicalSituationStatement,http://www.semanticweb.org/catimc/resqplus#PostAcuteCareProcedure,,,FindingsOnCT_MRAfterIVT_MT,,http://www.semanticweb.org/catimc/resqplus#RemoteBleedingPH_1AfterVT_MT,,1,Boolean,,,,,,,,
day_1_fever_checks,ObservationResultStatement,http://www.semanticweb.org/catimc/resqplus#PostAcuteCareProcedure,,,PosAcuteTemperatureChecksDay_1,http://www.semanticweb.org/catimc/resqplus#FrequencyTemperatureChecksObservable,,,1,Integer,,,,,http://snomed.info/id/259032004,http://snomed.info/id/259032004,,
day_2_fever_checks,ObservationResultStatement,http://www.semanticweb.org/catimc/resqplus#PostAcuteCareProcedure,,,PostAcuteTemperatureChecksDay_2,http://www.semanticweb.org/catimc/resqplus#FrequencyTemperatureChecksObservable,,,1,Integer,,,,,http://snomed.info/id/259032004,http://snomed.info/id/259032004,,
day_3_fever_checks,ObservationResultStatement,http://www.semanticweb.org/catimc/resqplus#PostAcuteCareProcedure,,,PostAcuteTemperatureChecksDay_3,http://www.semanticweb.org/catimc/resqplus#FrequencyTemperatureChecksObservable,,,1,Integer,,,,,http://snomed.info/id/259032004,http://snomed.info/id/259032004,,
fever_diagnosed,ClinicalSituationStatement,http://www.semanticweb.org/catimc/resqplus#PostAcuteCareProcedure,,,PostAcuteFeverfirst72HAdmission,,http://snomed.info/id/386661006,,1,Boolean,,,,,,,http://www.semanticweb.org/catimc/resqplus#Within72hoursPostAdmission,
paracetamol_on_fever,ClinicalProcedureStatement,http://www.semanticweb.org/catimc/resqplus#PostAcuteCareProcedure,,,PostAcuteParacetamolOnFever,,,http://snomed.info/id/709541000,1,Categorical,yes,http://snomed.info/id/385658003,,,,,,
paracetamol_on_fever,ClinicalProcedureStatement,http://www.semanticweb.org/catimc/resqplus#PostAcuteCareProcedure,,,PostAcuteParacetamolOnFever,,,http://snomed.info/id/709541000,,Categorical,no,http://snomed.info/id/385660001,,,,,,
paracetamol_on_fever,ClinicalProcedureStatement,http://www.semanticweb.org/catimc/resqplus#PostAcuteCareProcedure,,,PostAcuteParacetamolOnFever,,,http://snomed.info/id/709541000,,Categorical,contraindication,http://snomed.info/id/410536001,,,,,,
paracetamol_on_fever_timing,ClinicalProcedureStatement,http://www.semanticweb.org/catimc/resqplus#PostAcuteCareProcedure,,,PostAcuteParacetamolOnFever,,,dateTime,1,Categorical,within 1 hour,http://www.semanticweb.org/catimc/resqplus#FirstHourFever,,,,,,
paracetamol_on_fever_timing,ClinicalProcedureStatement,http://www.semanticweb.org/catimc/resqplus#PostAcuteCareProcedure,,,PostAcuteParacetamolOnFever,,,dateTime,,Categorical,after 1 hour,http://www.semanticweb.org/catimc/resqplus#AfterHourFever,,,,,,
day_1_hyperglycemia_checks,ObservationResultStatement,http://www.semanticweb.org/catimc/resqplus#PostAcuteCareProcedure,,,PostAcuteHyperglycemiaChecksDay_1,http://www.semanticweb.org/catimc/resqplus#FrequencyGlucoseBloodChecksObservable,,,1,Integer,,,,,,,,
day_2_hyperglycemia_checks,ObservationResultStatement,http://www.semanticweb.org/catimc/resqplus#PostAcuteCareProcedure,,,PostAcuteHyperglycemiaChecksDay_2,http://www.semanticweb.org/catimc/resqplus#FrequencyGlucoseBloodChecksObservable,,,1,Integer,,,,,,,,
day_3_hyperglycemia_checks,ObservationResultStatement,http://www.semanticweb.org/catimc/resqplus#PostAcuteCareProcedure,,,PostAcuteHyperglycemiaChecksDay_3,http://www.semanticweb.org/catimc/resqplus#FrequencyGlucoseBloodChecksObservable,,,1,Integer,,,,,,,,
hyperglycemia_diagnosed,ClinicalSituationStatement,http://www.semanticweb.org/catimc/resqplus#PostAcuteCareProcedure,,,PostAcuteHyperglicemiafirst48HAdmission,,http://snomed.info/id/80394007,,1,Boolean,,,,,,,http://www.semanticweb.org/catimc/resqplus#WithinFirst48hoursPostAdmission,
insulin_on_hyperglycemia,ClinicalProcedureStatement,http://www.semanticweb.org/catimc/resqplus#PostAcuteCareProcedure,,,PostAcuteInsulinOnHyperglicemia,,,http://www.semanticweb.org/catimc/resqplus#AdministrationInsulinOnHyperglycemia,1,Boolean,,,,,,,,
insulin_on_hyperglycemia_timing,ClinicalProcedureStatement,http://www.semanticweb.org/catimc/resqplus#PostAcuteCareProcedure,,,PostAcuteInsulinOnHyperglicemia,,,dateTime,1,Categorical,within 1 hour,http://www.semanticweb.org/catimc/resqplus#FirstHourHyperglycemia,,,,,,
insulin_on_hyperglycemia_timing,ClinicalProcedureStatement,http://www.semanticweb.org/catimc/resqplus#PostAcuteCareProcedure,,,PostAcuteInsulinOnHyperglicemia,,,dateTime,,Categorical,after 1 hour,http://www.semanticweb.org/catimc/resqplus#AfterHourHyperglycemia,,,,,,
swallowing_screening_done,ClinicalProcedureStatement,http://www.semanticweb.org/catimc/resqplus#PostAcuteCareProcedure,,,PostAcuteSwallowingScreening,,,http://www.semanticweb.org/catimc/resqplus#PostAcuteSwallowingScreeningValueSet,1,Categorical,yes,http://snomed.info/id/385658003,,,,,,
ClinicalProcedureStatement,ClinicalProcedureStatement,http://www.semanticweb.org/catimc/resqplus#PostAcuteCareProcedure,,,PostAcuteSwallowingScreening,,,http://www.semanticweb.org/catimc/resqplus#PostAcuteSwallowingScreeningValueSet,,Categorical,no,http://snomed.info/id/385660001,,,,,,
ClinicalProcedureStatement,ClinicalProcedureStatement,http://www.semanticweb.org/catimc/resqplus#PostAcuteCareProcedure,,,PostAcuteSwallowingScreening,,,http://www.semanticweb.org/catimc/resqplus#PostAcuteSwallowingScreeningValueSet,,Categorical,not applicable,http://snomed.info/id/385432009,,,,,,
swallowing_screening_type,ClinicalProcedureStatement,http://www.semanticweb.org/catimc/resqplus#PostAcuteCareProcedure,,,PostAcuteSwallowingScreening,,,http://www.semanticweb.org/catimc/resqplus#PostAcuteSwallowingScreeningValueSet,1,Categorical,GUSS,http://snomed.info/id/1290000005,,,,,,
swallowing_screening_type,ClinicalProcedureStatement,http://www.semanticweb.org/catimc/resqplus#PostAcuteCareProcedure,,,PostAcuteSwallowingScreening,,,http://www.semanticweb.org/catimc/resqplus#PostAcuteSwallowingScreeningValueSet,,Categorical,ASSIST,http://www.semanticweb.org/catimc/resqplus#AssessmentUsingASSISTSwallowingScreen,,,,,,
swallowing_screening_type,ClinicalProcedureStatement,http://www.semanticweb.org/catimc/resqplus#PostAcuteCareProcedure,,,PostAcuteSwallowingScreening,,,http://www.semanticweb.org/catimc/resqplus#PostAcuteSwallowingScreeningValueSet,,Categorical,water test,http://snomed.info/id/63913004,,,,,,
swallowing_screening_type,ClinicalProcedureStatement,http://www.semanticweb.org/catimc/resqplus#PostAcuteCareProcedure,,,PostAcuteSwallowingScreening,,,http://www.semanticweb.org/catimc/resqplus#PostAcuteSwallowingScreeningValueSet,,Categorical,other,http://www.semanticweb.org/catimc/resqplus#OtherSwallowingScreeningTest,,,,,,
swallowing_screening_timing,ClinicalProcedureStatement,http://www.semanticweb.org/catimc/resqplus#PostAcuteCareProcedure,,,PostAcuteSwallowingScreening,,,dateTime,1,Categorical,within 4 hour,http://www.semanticweb.org/catimc/resqplus#Within4hoursPostAdmission,,,,,,
swallowing_screening_timing,ClinicalProcedureStatement,http://www.semanticweb.org/catimc/resqplus#PostAcuteCareProcedure,,,PostAcuteSwallowingScreening,,,dateTime,,Categorical,within 24 hour,http://snomed.info/id/281380002,,,,,,
swallowing_screening_timing,ClinicalProcedureStatement,http://www.semanticweb.org/catimc/resqplus#PostAcuteCareProcedure,,,PostAcuteSwallowingScreening,,,dateTime,,Categorical,after 24 hour,http://snomed.info/id/281381003,,,,,,
swallowing_screening_performer,ClinicalProcedureStatement,http://www.semanticweb.org/catimc/resqplus#PostAcuteCareProcedure,,,PostAcuteSwallowingScreening,,,performer,1,Categorical,nurse,http://www.semanticweb.org/catimc/resqplus#Nurse,,,,,,
swallowing_screening_performer,ClinicalProcedureStatement,http://www.semanticweb.org/catimc/resqplus#PostAcuteCareProcedure,,,PostAcuteSwallowingScreening,,,performer,,Categorical,physician,http://www.semanticweb.org/catimc/resqplus#Physician,,,,,,
swallowing_screening_performer,ClinicalProcedureStatement,http://www.semanticweb.org/catimc/resqplus#PostAcuteCareProcedure,,,PostAcuteSwallowingScreening,,,performer,,Categorical,other,http://www.semanticweb.org/catimc/resqplus#HealthcareProfessional,,,,,,
physiotherapy,ClinicalProcedureStatement,http://www.semanticweb.org/catimc/resqplus#PostAcuteCareProcedure,,,PostAcutePhysicalTherapy,,,http://snomed.info/id/91251008,1,Categorical,yes,http://snomed.info/id/385658003,,,,,,
physiotherapy,ClinicalProcedureStatement,http://www.semanticweb.org/catimc/resqplus#PostAcuteCareProcedure,,,PostAcutePhysicalTherapy,,,http://snomed.info/id/91251008,,Categorical,no,http://snomed.info/id/385660001,,,,,,
physiotherapy,ClinicalProcedureStatement,http://www.semanticweb.org/catimc/resqplus#PostAcuteCareProcedure,,,PostAcutePhysicalTherapy,,,http://snomed.info/id/91251008,,Categorical,not required,http://snomed.info/id/410529002,,,,,,
physiotherapy,ClinicalProcedureStatement,http://www.semanticweb.org/catimc/resqplus#PostAcuteCareProcedure,,,PostAcutePhysicalTherapy,,,http://snomed.info/id/91251008,,Categorical,recommended only,http://snomed.info/id/897015005,,,,,,
occup_therapy,ClinicalProcedureStatement,http://www.semanticweb.org/catimc/resqplus#PostAcuteCareProcedure,,,PostAcuteOccupationalTherapy,,,http://snomed.info/id/84478008,1,Categorical,yes,http://snomed.info/id/385658003,,,,,,
occup_therapy,ClinicalProcedureStatement,http://www.semanticweb.org/catimc/resqplus#PostAcuteCareProcedure,,,PostAcuteOccupationalTherapy,,,http://snomed.info/id/84478008,,Categorical,no,http://snomed.info/id/385660001,,,,,,
occup_therapy,ClinicalProcedureStatement,http://www.semanticweb.org/catimc/resqplus#PostAcuteCareProcedure,,,PostAcuteOccupationalTherapy,,,http://snomed.info/id/84478008,,Categorical,not required,http://snomed.info/id/410529002,,,,,,
occup_therapy,ClinicalProcedureStatement,http://www.semanticweb.org/catimc/resqplus#PostAcuteCareProcedure,,,PostAcuteOccupationalTherapy,,,http://snomed.info/id/84478008,,Categorical,recommended only,http://snomed.info/id/897015005,,,,,,
speech_therapy,ClinicalProcedureStatement,http://www.semanticweb.org/catimc/resqplus#PostAcuteCareProcedure,,,PostAcuteSpeechTherapy,,,http://snomed.info/id/5154007,1,Categorical,yes,http://snomed.info/id/385658003,,,,,,
speech_therapy,ClinicalProcedureStatement,http://www.semanticweb.org/catimc/resqplus#PostAcuteCareProcedure,,,PostAcuteSpeechTherapy,,,http://snomed.info/id/5154007,,Categorical,no,http://snomed.info/id/385660001,,,,,,
speech_therapy,ClinicalProcedureStatement,http://www.semanticweb.org/catimc/resqplus#PostAcuteCareProcedure,,,PostAcuteSpeechTherapy,,,http://snomed.info/id/5154007,,Categorical,not required,http://snomed.info/id/410529002,,,,,,
discharge_destination,ClinicalProcedureStatement,http://snomed.info/id/58000006,,,DischargeDestination,,,http://www.semanticweb.org/catimc/resqplus#DischargeDestinationValueSet,0,Categorical,home,http://snomed.info/id/306689006,,,,,,
discharge_destination,ClinicalProcedureStatement,http://snomed.info/id/58000006,,,DischargeDestination,,,http://www.semanticweb.org/catimc/resqplus#DischargeDestinationValueSet,,Categorical,same hospital,http://snomed.info/id/37729005,,,,,,
discharge_destination,ClinicalProcedureStatement,http://snomed.info/id/58000006,,,DischargeDestination,,,http://www.semanticweb.org/catimc/resqplus#DischargeDestinationValueSet,,Categorical,another hospital,http://snomed.info/id/19712007,,,,,,
discharge_destination,ClinicalProcedureStatement,http://snomed.info/id/58000006,,,DischargeDestination,,,http://www.semanticweb.org/catimc/resqplus#DischargeDestinationValueSet,,Categorical,social care,http://snomed.info/id/306694006,,,,,,
,,http://snomed.info/id/58000006,,,DischargePatienDeadDuringStay,,,http://snomed.info/id/371828006,,Categorical,dead,,,,,,,
discharge_facility_type,ClinicalProcedureStatement,http://snomed.info/id/58000006,,,DischargeFacilityType,,,http://www.semanticweb.org/catimc/resqplus#DischargeFacilityTypeValueSet,1,Categorical,same hospital,http://snomed.info/id/37729005,,,,,,
discharge_facility_type,ClinicalProcedureStatement,http://snomed.info/id/58000006,,,DischargeFacilityType,,,http://www.semanticweb.org/catimc/resqplus#DischargeFacilityTypeValueSet,,Categorical,primary center,http://www.semanticweb.org/catimc/resqplus#PatientTransferToPrimaryCareHospital,,,,,,
discharge_facility_type,ClinicalProcedureStatement,http://snomed.info/id/58000006,,,DischargeFacilityType,,,http://www.semanticweb.org/catimc/resqplus#DischargeFacilityTypeValueSet,,Categorical,comprehensive center,http://www.semanticweb.org/catimc/resqplus#PatientTransferToComprohensiveStrokeCenter,,,,,,
discharge_facility_type,ClinicalProcedureStatement,http://snomed.info/id/58000006,,,DischargeFacilityType,,,http://www.semanticweb.org/catimc/resqplus#DischargeFacilityTypeValueSet,,Categorical,other hospital,http://snomed.info/id/19712007,,,,,,
discharge_facility_department,ClinicalProcedureStatement,http://snomed.info/id/58000006,,,DischargeFacilityDepartment,,,http://www.semanticweb.org/catimc/resqplus#DischargeFacilityDepartmentValueSet,1,Categorical,acute rehabilitation,http://www.semanticweb.org/catimc/resqplus#PatientTransferInHospitalStrokeRehabilitation,,,,,,
discharge_facility_department,ClinicalProcedureStatement,http://snomed.info/id/58000006,,,DischargeFacilityDepartment,,,http://www.semanticweb.org/catimc/resqplus#DischargeFacilityDepartmentValueSet,,Categorical,post-care bed,http://www.semanticweb.org/catimc/resqplus#PatientTransferInHospitalPostCareBed,,,,,,
discharge_facility_department,ClinicalProcedureStatement,http://snomed.info/id/58000006,,,DischargeFacilityDepartment,,,http://www.semanticweb.org/catimc/resqplus#DischargeFacilityDepartmentValueSet,,Categorical,neurology,http://www.semanticweb.org/catimc/resqplus#PatientTransferInHospitalNeurology,,,,,,
discharge_facility_department,ClinicalProcedureStatement,http://snomed.info/id/58000006,,,DischargeFacilityDepartment,,,http://www.semanticweb.org/catimc/resqplus#DischargeFacilityDepartmentValueSet,,Categorical,another department,http://www.semanticweb.org/catimc/resqplus#OtherHospitalDepartment,,,,,,
discharge_date,ObservationResultStatement,http://snomed.info/id/58000006,,,DateOfDischarge,http://snomed.info/id/442864001,,,0,Date,,,,,,,,
discharge_mrs,ObservationResultStatement,http://snomed.info/id/58000006,,,ModifiedRankinScaleScoreAtDischarge,http://www.semanticweb.org/catimc/resqplus#ModifiedRankinScaleScoreAtDischargeObservable,,,1,Integer,,,,,,,,
discharge_nihss_score,ObservationResultStatement,http://snomed.info/id/58000006,,,NIHSSScoreAtDischarge,http://www.semanticweb.org/catimc/resqplus#NIHSSScoreAtDischargeObservable,,,1,Integer,,,,,,,,
discharge_antidiabetics,ClinicalProcedureStatement,http://snomed.info/id/58000006,,,DischargePrescriptionDrug,,,http://www.semanticweb.org/catimc/resqplus#PrescriptionOfAntidiabetics,1,Boolean,,,,,,,,
discharge_antihypertensives,ClinicalProcedureStatement,http://snomed.info/id/58000006,,,DischargePrescriptionDrug,,,http://www.semanticweb.org/catimc/resqplus#PrescriptionOfAntihypertensives,1,Boolean,,,,,,,,
discharge_asa,ClinicalProcedureStatement,http://snomed.info/id/58000006,,,DischargePrescriptionDrug,,,http://www.semanticweb.org/catimc/resqplus#PrescriptionOfASA,1,Boolean,,,,,,,,
discharge_cilostazol,ClinicalProcedureStatement,http://snomed.info/id/58000006,,,DischargePrescriptionDrug,,,http://www.semanticweb.org/catimc/resqplus#PrescriptionOfCilostazol,1,Boolean,,,,,,,,
discharge_clopidogrel,ClinicalProcedureStatement,http://snomed.info/id/58000006,,,DischargePrescriptionDrug,,,http://www.semanticweb.org/catimc/resqplus#PrescriptionOfClopidogrel,1,Boolean,,,,,,,,
discharge_ticagrelor,ClinicalProcedureStatement,http://snomed.info/id/58000006,,,DischargePrescriptionDrug,,,http://www.semanticweb.org/catimc/resqplus#PrescriptionOfTicagrelor,1,Boolean,,,,,,,,
discharge_ticlopidine,ClinicalProcedureStatement,http://snomed.info/id/58000006,,,DischargePrescriptionDrug,,,http://www.semanticweb.org/catimc/resqplus#PrescriptionOfTiclopidine,1,Boolean,,,,,,,,
discharge_prasugrel,ClinicalProcedureStatement,http://snomed.info/id/58000006,,,DischargePrescriptionDrug,,,http://www.semanticweb.org/catimc/resqplus#PrescriptionOfPrasugrel,1,Boolean,,,,,,,,
discharge_dipyridamole,ClinicalProcedureStatement,http://snomed.info/id/58000006,,,DischargePrescriptionDrug,,,http://www.semanticweb.org/catimc/resqplus#PrescriptionOfDipyridamole,1,Boolean,,,,,,,,
discharge_warfarin,ClinicalProcedureStatement,http://snomed.info/id/58000006,,,DischargePrescriptionDrug,,,http://www.semanticweb.org/catimc/resqplus#PrescriptionOfWarfarin,1,Boolean,,,,,,,,
discharge_dabigatran,ClinicalProcedureStatement,http://snomed.info/id/58000006,,,DischargePrescriptionDrug,,,http://www.semanticweb.org/catimc/resqplus#PrescriptionOfDabigatran,1,Boolean,,,,,,,,
discharge_rivaroxaban,ClinicalProcedureStatement,http://snomed.info/id/58000006,,,DischargePrescriptionDrug,,,http://www.semanticweb.org/catimc/resqplus#PrescriptionOfRivaroxoban,1,Boolean,,,,,,,,
discharge_apixaban,ClinicalProcedureStatement,http://snomed.info/id/58000006,,,DischargePrescriptionDrug,,,http://www.semanticweb.org/catimc/resqplus#PrescriptionOfApixaban,1,Boolean,,,,,,,,
discharge_edoxaban,ClinicalProcedureStatement,http://snomed.info/id/58000006,,,DischargePrescriptionDrug,,,http://www.semanticweb.org/catimc/resqplus#PrescriptionOfEdoxaban,1,Boolean,,,,,,,,
discharge_statin,ClinicalProcedureStatement,http://snomed.info/id/58000006,,,DischargePrescriptionDrug,,,http://www.semanticweb.org/catimc/resqplus#PrescriptionOfStatin,1,Boolean,,,,,,,,
discharge_heparin,ClinicalProcedureStatement,http://snomed.info/id/58000006,,,DischargePrescriptionDrug,,,http://www.semanticweb.org/catimc/resqplus#PrescriptionOfHeparin,1,Boolean,,,,,,,,
discharge_other_anticoagulant,,,,,,,,,1,Boolean,,,,,,,,
discharge_any_anticoagulant,,,,,,,,,1,Boolean,,,,,,,,
discharge_other_antiplatelet,,,,,,,,,1,Boolean,,,,,,,,
discharge_any_antiplatelet,,,,,,,,,1,Boolean,,,,,,,,
discharge_other,,,,,,,,,1,Boolean,,,,,,,,
no_anticoagulants_reason ,ClinicalProcedureStatement,,,,,,,,1,Categorical,allergy,,,,,,,
,,,,,,,,,,,mental status,,,,,,,
,,,,,,,,,,,consent,,,,,,,
,,,,,,,,,,,bleeding,,,,,,,
,,,,,,,,,,,risk of falls,,,,,,,
,,,,,,,,,,,side effects,,,,,,,
,,,,,,,,,,,terminal illness,,,,,,,
,,,,,,,,,,,planned,,,,,,,
stroke_management_appointment,,,,,,,,,1,Categorical,scheduled,,,,,,,
,,,,,,,,,,,not scheduled,,,,,,,
,,,,,,,,,,,not recommended,,,,,,,
smoking_cessation_recommended ,ClinicalProcedureStatement,http://snomed.info/id/58000006,,,DischargeSmokingCessationRecommended,,,http://www.semanticweb.org/catimc/resqplus#SmokingCessationRecommended,1,Categorical,yes,http://snomed.info/id/385658003,,,,,,
,,,,,,,,,,,no,http://snomed.info/id/385660001,,,,,,
,,,,,,,,procedureReason,,,not a smoker,,http://www.semanticweb.org/catimc/resqplus#NonSmoker,,,,,
three_m_mode_contact ,,,,,,,,,1,Categorical,telemedicine,,,,,,,
,,,,,,,,,,,visiting the clinic,,,,,,,
,,,,,,,,,,,mobile app,,,,,,,
,,,,,,,,,,,web app,,,,,,,
,,,,,,,,,,,no response,,,,,,,
,,,,,,,,,,,not contacted,,,,,,,
three_m_contact_date,,,,,,,,,1,Date,,,,,,,,
three_m_mrs,,,,,,,,,1,Integer,,,,,,,,